[
  {
    "id": "5346b8b4-853f-4bab-bab4-bd188dff8664",
    "data": [
      {
        "text": "i will be happy joining ",
        "userDefined": false
      },
      {
        "text": "tomorrow",
        "meta": "@sys.date-time",
        "alias": "date-time",
        "userDefined": false
      }
    ],
    "isTemplate": false,
    "count": 1,
    "lang": "en",
    "updated": 0
  },
  {
    "id": "d37bfc92-6204-487e-91bd-c8f0b50169af",
    "data": [
      {
        "text": "i want my booking ",
        "userDefined": false
      },
      {
        "text": "today",
        "meta": "@sys.date-time",
        "alias": "date-time",
        "userDefined": false
      }
    ],
    "isTemplate": false,
    "count": 0,
    "lang": "en",
    "updated": 0
  },
  {
    "id": "bbca1432-6bb4-4a35-b72c-90059142ee3c",
    "data": [
      {
        "text": "any",
        "meta": "@sys.any",
        "alias": "any",
        "userDefined": true
      }
    ],
    "isTemplate": false,
    "count": 0,
    "lang": "en",
    "updated": 0
  }
]