[
  {
    "id": "f0ee34db-fce3-4344-9bcd-1caeff45ce92",
    "data": [
      {
        "text": "i have a note",
        "userDefined": false
      }
    ],
    "isTemplate": false,
    "count": 0,
    "lang": "en",
    "updated": 0
  },
  {
    "id": "d065c6b8-7a91-4575-b3eb-e32bb06e45b6",
    "data": [
      {
        "text": "sure",
        "userDefined": false
      }
    ],
    "isTemplate": false,
    "count": 0,
    "lang": "en",
    "updated": 0
  },
  {
    "id": "f5b87b16-ea6c-4f6e-ab55-8fd20846070e",
    "data": [
      {
        "text": "yeah sure",
        "userDefined": false
      }
    ],
    "isTemplate": false,
    "count": 0,
    "lang": "en",
    "updated": 0
  },
  {
    "id": "47de4cf7-9010-4873-8d1a-0fccbcc6c3c9",
    "data": [
      {
        "text": "yes",
        "userDefined": false
      }
    ],
    "isTemplate": false,
    "count": 0,
    "lang": "en",
    "updated": 0
  }
]