[
  {
    "id": "1b8b55f4-cbf2-4ecf-9a57-12a7b138ea9f",
    "data": [
      {
        "text": "i am ",
        "userDefined": false
      },
      {
        "text": "Kumar",
        "meta": "@sys.person",
        "alias": "person",
        "userDefined": false
      }
    ],
    "isTemplate": false,
    "count": 0,
    "lang": "en",
    "updated": 0
  },
  {
    "id": "23b9f392-2644-47c7-9622-033d9f5d9829",
    "data": [
      {
        "text": "My name is ",
        "userDefined": false
      },
      {
        "text": "Kumar",
        "meta": "@sys.person",
        "alias": "person",
        "userDefined": false
      }
    ],
    "isTemplate": false,
    "count": 0,
    "lang": "en",
    "updated": 0
  },
  {
    "id": "e81df813-491b-4f35-920b-918d5a24f13e",
    "data": [
      {
        "text": "It is ",
        "userDefined": false
      },
      {
        "text": "Kumar",
        "meta": "@sys.person",
        "alias": "person",
        "userDefined": false
      }
    ],
    "isTemplate": false,
    "count": 0,
    "lang": "en",
    "updated": 0
  },
  {
    "id": "a31736ea-71e6-419d-bad7-9a9ba3be166a",
    "data": [
      {
        "text": "This is ",
        "userDefined": false
      },
      {
        "text": "Kumar",
        "meta": "@sys.person",
        "alias": "person",
        "userDefined": false
      }
    ],
    "isTemplate": false,
    "count": 0,
    "lang": "en",
    "updated": 0
  }
]