[
  {
    "id": "6542a20e-2786-4fac-910d-e9cd81f541cf",
    "data": [
      {
        "text": "i think ",
        "userDefined": false
      },
      {
        "text": "tomorrow at 11 am",
        "meta": "@sys.date-time",
        "alias": "date-time",
        "userDefined": false
      }
    ],
    "isTemplate": false,
    "count": 0,
    "lang": "en",
    "updated": 0
  },
  {
    "id": "3bf4e77d-cb93-45f1-b891-f46c9207effe",
    "data": [
      {
        "text": "i think ",
        "userDefined": false
      },
      {
        "text": "today at 5pm",
        "meta": "@sys.date-time",
        "alias": "date-time",
        "userDefined": false
      }
    ],
    "isTemplate": false,
    "count": 0,
    "lang": "en",
    "updated": 0
  },
  {
    "id": "766f85d9-58e1-4bc5-a024-1760c55f6e00",
    "data": [
      {
        "text": "i think ",
        "userDefined": false
      },
      {
        "text": "today",
        "meta": "@sys.date-time",
        "alias": "date-time",
        "userDefined": false
      }
    ],
    "isTemplate": false,
    "count": 0,
    "lang": "en",
    "updated": 0
  },
  {
    "id": "6f99eb98-c8ed-4892-8840-67abc46d11ce",
    "data": [
      {
        "text": "i think ",
        "userDefined": false
      },
      {
        "text": "tomorrow",
        "meta": "@sys.date-time",
        "alias": "date-time",
        "userDefined": false
      },
      {
        "text": " works",
        "userDefined": false
      }
    ],
    "isTemplate": false,
    "count": 0,
    "lang": "en",
    "updated": 0
  }
]